fold,precision,recall,accuracy,roc_auc,f1,average_precision
2.0,0.8561332918410637,0.7824391468641693,0.8257051721573229,0.9002031547103087,0.817605380566506,0.9104468636783185
