fold,precision,recall,accuracy,roc_auc,f1,average_precision
4.5,0.8622100387536509,0.7926723311869777,0.8331249320837837,0.9058628578496173,0.8259134251991891,0.9157335778790496
