run,fold,method,precision,recall,accuracy,roc_auc,f1,average_precision
1,0,Random Forest,0.8588187702265372,0.7848428835489833,0.8282287822878229,0.9018363783049602,0.8201661193741548,0.9111769812694884
1,1,Random Forest,0.8594973217964565,0.7703101920236337,0.8222919357815095,0.8993313662212105,0.8124634858812074,0.911509694966923
1,2,Random Forest,0.8520449077786688,0.7838436001475471,0.8238982113221465,0.8998796555930226,0.8165225744476465,0.9125017164317475
1,3,Random Forest,0.8606060606060606,0.78684891023273,0.8297950895329518,0.8998048656142268,0.8220764183712853,0.9088800273149944
1,4,Random Forest,0.8496993987975952,0.7863501483679525,0.8243118418621836,0.9001635078181229,0.8167983047582354,0.908165898408439
