fold,precision,recall,accuracy,roc_auc,f1,average_precision
4.5,0.8769812047996672,0.8739428571428571,0.8756571428571429,0.9417664653061225,0.8754224952048693,0.9484004747416057
